Model,Accuracy,F1 Score
SVM,0.9958815672306323,0.9960634110011704
Random Forest,0.9984416740872663,0.9985093696763203
KNN,0.7004674977738201,0.7734276332407174
